k,t_us,id_A
0,-500,0.12928
1,-450,0.12783
2,-400,0.12599
3,-350,0.12844
4,-300,0.12691
5,-250,0.12706
6,-200,0.12645
7,-150,0.13249
8,-100,0.12775
9,-50,0.12783
10,0,0.13012
11,50,0.16768
12,100,0.23897
13,150,0.29098
14,200,0.33496
15,250,0.37979
16,300,0.41237
17,350,0.43608
18,400,0.46071
19,450,0.47723
20,500,0.48687
21,550,0.50638
22,600,0.51815
23,650,0.51930
24,700,0.53284
25,750,0.53766
26,800,0.53919
27,850,0.54577
28,900,0.54837
29,950,0.55097
30,1000,0.55862
31,1050,0.56099
32,1100,0.56267
33,1150,0.55801
34,1200,0.56107
35,1250,0.55969
36,1300,0.56344
37,1350,0.56260
38,1400,0.56336
39,1450,0.56367
40,1500,0.56680
41,1550,0.56558
42,1600,0.56787
43,1650,0.56543
44,1700,0.57514
45,1750,0.56971
46,1800,0.56237
47,1850,0.56894
48,1900,0.56581
49,1950,0.57086
50,2000,0.56841
51,2050,0.56696
52,2100,0.56466
53,2150,0.56351
54,2200,0.56871
55,2250,0.56696
56,2300,0.56351
57,2350,0.56565
58,2400,0.56581
59,2450,0.56894
60,2500,0.57254
61,2550,0.57032
62,2600,0.56535
63,2650,0.57246
64,2700,0.56596
65,2750,0.56481
66,2800,0.56581
67,2850,0.56879
68,2900,0.56925
69,2950,0.56634
70,3000,0.56718
71,3050,0.56443
72,3100,0.56550
73,3150,0.57078
74,3200,0.57001
75,3250,0.56772
76,3300,0.56757
77,3350,0.56405
78,3400,0.56864
79,3450,0.56474
80,3500,0.56558
81,3550,0.56940
82,3600,0.56458
83,3650,0.56726
84,3700,0.56650
85,3750,0.56749
86,3800,0.56474
87,3850,0.56183
88,3900,0.57323
89,3950,0.56956
90,4000,0.56565
91,4050,0.56420
92,4100,0.56420
93,4150,0.57185
94,4200,0.56917
95,4250,0.56979
96,4300,0.56803
97,4350,0.56910
98,4400,0.56940
99,4450,0.56558
100,4500,0.56680
101,4550,0.56826
102,4600,0.57101
103,4650,0.57162
104,4700,0.56543
105,4750,0.57017
106,4800,0.56650
107,4850,0.56910
108,4900,0.57078
109,4950,0.57032
110,5000,0.56665
111,5050,0.56871
112,5100,0.56833
113,5150,0.56841
114,5200,0.56894
115,5250,0.56596
116,5300,0.56642
117,5350,0.57116
118,5400,0.57093
119,5450,0.56810
120,5500,0.56787
121,5550,0.56673
122,5600,0.56787
123,5650,0.56917
124,5700,0.56925
125,5750,0.56856
126,5800,0.57032
127,5850,0.57254
128,5900,0.56619
129,5950,0.57338
130,6000,0.56871
131,6050,0.56344
132,6100,0.56527
133,6150,0.56382
134,6200,0.56826
135,6250,0.56741
136,6300,0.56795
137,6350,0.57132
138,6400,0.56956
139,6450,0.56887
140,6500,0.56757
141,6550,0.56611
142,6600,0.56871
143,6650,0.57231
144,6700,0.56971
145,6750,0.56856
146,6800,0.56665
147,6850,0.56871
148,6900,0.57131
149,6950,0.56810
150,7000,0.57017
151,7050,0.56604
152,7100,0.56596
153,7150,0.56826
154,7200,0.57376
155,7250,0.56856
156,7300,0.57154
157,7350,0.57116
158,7400,0.56826
159,7450,0.56764
160,7500,0.56734
161,7550,0.56864
162,7600,0.56321
163,7650,0.57009
164,7700,0.57055
165,7750,0.56986
166,7800,0.56611
167,7850,0.57131
168,7900,0.56956
169,7950,0.56466
170,8000,0.56726
171,8050,0.56696
172,8100,0.56650
173,8150,0.56390
174,8200,0.57124
175,8250,0.56772
176,8300,0.56481
177,8350,0.56214
178,8400,0.56971
179,8450,0.56673
180,8500,0.57177
181,8550,0.56856
182,8600,0.56665
183,8650,0.57545
184,8700,0.57307
185,8750,0.57017
186,8800,0.56841
187,8850,0.56772
188,8900,0.57109
189,8950,0.56910
